ExactAge,face,ReinReport,reward,pair_type,StudyID
11.665753424657536,conCON_FearZero,15,25% reinforced,H+F-,46
11.665753424657536,INCONincon_FearReward,23,75% reinforced,F+H-,46
11.665753424657536,INCONcon_FearReward,15,75% reinforced,F+F-,46
11.665753424657536,inconCON_FearZero,20,25% reinforced,F+F-,46
11.665753424657536,CONcon_HappyReward,15,75% reinforced,H+F-,46
11.665753424657536,conINCON_HappyZero,9,25% reinforced,H+H-,46
11.665753424657536,CONincon_HappyReward,20,75% reinforced,H+H-,46
11.665753424657536,inconINCON_HappyZero,10,25% reinforced,F+H-,46
15.326027397260274,conCON_FearZero,20,25% reinforced,H+F-,47
15.326027397260274,INCONincon_FearReward,30,75% reinforced,F+H-,47
15.326027397260274,INCONcon_FearReward,15,75% reinforced,F+F-,47
15.326027397260274,inconCON_FearZero,5,25% reinforced,F+F-,47
15.326027397260274,CONcon_HappyReward,20,75% reinforced,H+F-,47
15.326027397260274,conINCON_HappyZero,15,25% reinforced,H+H-,47
15.326027397260274,CONincon_HappyReward,20,75% reinforced,H+H-,47
15.326027397260274,inconINCON_HappyZero,36,25% reinforced,F+H-,47
9.865753424657534,conCON_FearZero,15,25% reinforced,H+F-,48
9.865753424657534,INCONincon_FearReward,3,75% reinforced,F+H-,48
9.865753424657534,INCONcon_FearReward,10,75% reinforced,F+F-,48
9.865753424657534,inconCON_FearZero,8,25% reinforced,F+F-,48
9.865753424657534,CONcon_HappyReward,9,75% reinforced,H+F-,48
9.865753424657534,CONincon_HappyReward,10,75% reinforced,H+H-,48
9.865753424657534,conINCON_HappyZero,9,25% reinforced,H+H-,48
9.865753424657534,inconINCON_HappyZero,9,25% reinforced,F+H-,48
9.865753424657534,conCON_FearZero,20,25% reinforced,H+F-,49
9.865753424657534,INCONincon_FearReward,12,75% reinforced,F+H-,49
9.865753424657534,INCONcon_FearReward,7,75% reinforced,F+F-,49
9.865753424657534,inconCON_FearZero,9,25% reinforced,F+F-,49
9.865753424657534,CONcon_HappyReward,20,75% reinforced,H+F-,49
9.865753424657534,CONincon_HappyReward,1,75% reinforced,H+H-,49
9.865753424657534,conINCON_HappyZero,17,25% reinforced,H+H-,49
9.865753424657534,inconINCON_HappyZero,3,25% reinforced,F+H-,49
20.643835616438356,conCON_FearZero,3,25% reinforced,H+F-,4
20.643835616438356,INCONincon_FearReward,15,75% reinforced,F+H-,4
20.643835616438356,INCONcon_FearReward,21,75% reinforced,F+F-,4
20.643835616438356,inconCON_FearZero,7,25% reinforced,F+F-,4
20.643835616438356,CONcon_HappyReward,6,75% reinforced,H+F-,4
20.643835616438356,conINCON_HappyZero,27,25% reinforced,H+H-,4
20.643835616438356,CONincon_HappyReward,29,75% reinforced,H+H-,4
20.643835616438356,inconINCON_HappyZero,8,25% reinforced,F+H-,4
15.227397260273971,conCON_FearZero,1,25% reinforced,H+F-,50
15.227397260273971,INCONincon_FearReward,1,75% reinforced,F+H-,50
15.227397260273971,INCONcon_FearReward,0,75% reinforced,F+F-,50
15.227397260273971,inconCON_FearZero,NA,25% reinforced,F+F-,50
15.227397260273971,CONcon_HappyReward,4,75% reinforced,H+F-,50
15.227397260273971,conINCON_HappyZero,6,25% reinforced,H+H-,50
15.227397260273971,CONincon_HappyReward,8,75% reinforced,H+H-,50
15.227397260273971,inconINCON_HappyZero,1,25% reinforced,F+H-,50
8.04109589041096,conCON_FearZero,1,25% reinforced,H+F-,51
8.04109589041096,INCONincon_FearReward,1,75% reinforced,F+H-,51
8.04109589041096,INCONcon_FearReward,1,75% reinforced,F+F-,51
8.04109589041096,inconCON_FearZero,1,25% reinforced,F+F-,51
8.04109589041096,CONcon_HappyReward,1,75% reinforced,H+F-,51
8.04109589041096,conINCON_HappyZero,1,25% reinforced,H+H-,51
8.04109589041096,CONincon_HappyReward,10,75% reinforced,H+H-,51
8.04109589041096,inconINCON_HappyZero,4,25% reinforced,F+H-,51
15.03013698630137,conCON_FearZero,4,25% reinforced,H+F-,52
15.03013698630137,INCONincon_FearReward,9,75% reinforced,F+H-,52
15.03013698630137,INCONcon_FearReward,12,75% reinforced,F+F-,52
15.03013698630137,inconCON_FearZero,8,25% reinforced,F+F-,52
15.03013698630137,CONcon_HappyReward,10,75% reinforced,H+F-,52
15.03013698630137,CONincon_HappyReward,17,75% reinforced,H+H-,52
15.03013698630137,conINCON_HappyZero,0,25% reinforced,H+H-,52
15.03013698630137,inconINCON_HappyZero,10,25% reinforced,F+H-,52
22.775342465753425,conCON_FearZero,2,25% reinforced,H+F-,53
22.775342465753425,INCONincon_FearReward,20,75% reinforced,F+H-,53
22.775342465753425,INCONcon_FearReward,18,75% reinforced,F+F-,53
22.775342465753425,inconCON_FearZero,0,25% reinforced,F+F-,53
22.775342465753425,CONcon_HappyReward,22,75% reinforced,H+F-,53
22.775342465753425,conINCON_HappyZero,2,25% reinforced,H+H-,53
22.775342465753425,CONincon_HappyReward,26,75% reinforced,H+H-,53
22.775342465753425,inconINCON_HappyZero,2,25% reinforced,F+H-,53
21.567123287671233,conCON_FearZero,1,25% reinforced,H+F-,54
21.567123287671233,INCONincon_FearReward,9,75% reinforced,F+H-,54
21.567123287671233,INCONcon_FearReward,36,75% reinforced,F+F-,54
21.567123287671233,inconCON_FearZero,4,25% reinforced,F+F-,54
21.567123287671233,CONcon_HappyReward,19,75% reinforced,H+F-,54
21.567123287671233,conINCON_HappyZero,10,25% reinforced,H+H-,54
21.567123287671233,CONincon_HappyReward,40,75% reinforced,H+H-,54
21.567123287671233,inconINCON_HappyZero,0,25% reinforced,F+H-,54
21.39452054794521,conCON_FearZero,3,25% reinforced,H+F-,55
21.39452054794521,INCONincon_FearReward,3,75% reinforced,F+H-,55
21.39452054794521,INCONcon_FearReward,15,75% reinforced,F+F-,55
21.39452054794521,inconCON_FearZero,2,25% reinforced,F+F-,55
21.39452054794521,CONcon_HappyReward,3,75% reinforced,H+F-,55
21.39452054794521,conINCON_HappyZero,3,25% reinforced,H+H-,55
21.39452054794521,CONincon_HappyReward,38,75% reinforced,H+H-,55
21.39452054794521,inconINCON_HappyZero,3,25% reinforced,F+H-,55
21.35890410958904,conCON_FearZero,0,25% reinforced,H+F-,56
21.35890410958904,INCONincon_FearReward,2,75% reinforced,F+H-,56
21.35890410958904,INCONcon_FearReward,4,75% reinforced,F+F-,56
21.35890410958904,inconCON_FearZero,1,25% reinforced,F+F-,56
21.35890410958904,CONcon_HappyReward,2,75% reinforced,H+F-,56
21.35890410958904,conINCON_HappyZero,2,25% reinforced,H+H-,56
21.35890410958904,CONincon_HappyReward,1,75% reinforced,H+H-,56
21.35890410958904,inconINCON_HappyZero,7,25% reinforced,F+H-,56
21.578082191780823,conCON_FearZero,7,25% reinforced,H+F-,57
21.578082191780823,INCONincon_FearReward,4,75% reinforced,F+H-,57
21.578082191780823,INCONcon_FearReward,3,75% reinforced,F+F-,57
21.578082191780823,inconCON_FearZero,2,25% reinforced,F+F-,57
21.578082191780823,CONcon_HappyReward,1,75% reinforced,H+F-,57
21.578082191780823,conINCON_HappyZero,1,25% reinforced,H+H-,57
21.578082191780823,CONincon_HappyReward,1,75% reinforced,H+H-,57
21.578082191780823,inconINCON_HappyZero,2,25% reinforced,F+H-,57
21.13972602739726,conCON_FearZero,NA,25% reinforced,H+F-,58
21.13972602739726,INCONincon_FearReward,20,75% reinforced,F+H-,58
21.13972602739726,INCONcon_FearReward,NA,75% reinforced,F+F-,58
21.13972602739726,inconCON_FearZero,NA,25% reinforced,F+F-,58
21.13972602739726,CONcon_HappyReward,15,75% reinforced,H+F-,58
21.13972602739726,conINCON_HappyZero,4,25% reinforced,H+H-,58
21.13972602739726,CONincon_HappyReward,10,75% reinforced,H+H-,58
21.13972602739726,inconINCON_HappyZero,NA,25% reinforced,F+H-,58
21.16164383561644,conCON_FearZero,9,25% reinforced,H+F-,59
21.16164383561644,INCONincon_FearReward,9,75% reinforced,F+H-,59
21.16164383561644,INCONcon_FearReward,16,75% reinforced,F+F-,59
21.16164383561644,inconCON_FearZero,15,25% reinforced,F+F-,59
21.16164383561644,CONcon_HappyReward,26,75% reinforced,H+F-,59
21.16164383561644,conINCON_HappyZero,27,25% reinforced,H+H-,59
21.16164383561644,CONincon_HappyReward,26,75% reinforced,H+H-,59
21.16164383561644,inconINCON_HappyZero,25,25% reinforced,F+H-,59
21.432876712328767,conCON_FearZero,4,25% reinforced,H+F-,60
21.432876712328767,INCONincon_FearReward,10,75% reinforced,F+H-,60
21.432876712328767,INCONcon_FearReward,20,75% reinforced,F+F-,60
21.432876712328767,inconCON_FearZero,4,25% reinforced,F+F-,60
21.432876712328767,CONcon_HappyReward,20,75% reinforced,H+F-,60
21.432876712328767,CONincon_HappyReward,31,75% reinforced,H+H-,60
21.432876712328767,conINCON_HappyZero,14,25% reinforced,H+H-,60
21.432876712328767,inconINCON_HappyZero,10,25% reinforced,F+H-,60
21.15068493150685,conCON_FearZero,30,25% reinforced,H+F-,61
21.15068493150685,INCONincon_FearReward,21,75% reinforced,F+H-,61
21.15068493150685,INCONcon_FearReward,20,75% reinforced,F+F-,61
21.15068493150685,inconCON_FearZero,21,25% reinforced,F+F-,61
21.15068493150685,CONcon_HappyReward,15,75% reinforced,H+F-,61
21.15068493150685,CONincon_HappyReward,4,75% reinforced,H+H-,61
21.15068493150685,conINCON_HappyZero,6,25% reinforced,H+H-,61
21.15068493150685,inconINCON_HappyZero,9,25% reinforced,F+H-,61
21.356164383561644,conCON_FearZero,5,25% reinforced,H+F-,62
21.356164383561644,INCONincon_FearReward,20,75% reinforced,F+H-,62
21.356164383561644,INCONcon_FearReward,7,75% reinforced,F+F-,62
21.356164383561644,inconCON_FearZero,2,25% reinforced,F+F-,62
21.356164383561644,CONcon_HappyReward,9,75% reinforced,H+F-,62
21.356164383561644,CONincon_HappyReward,23,75% reinforced,H+H-,62
21.356164383561644,conINCON_HappyZero,1,25% reinforced,H+H-,62
21.356164383561644,inconINCON_HappyZero,3,25% reinforced,F+H-,62
22.2986301369863,conCON_FearZero,1,25% reinforced,H+F-,63
22.2986301369863,INCONincon_FearReward,7,75% reinforced,F+H-,63
22.2986301369863,INCONcon_FearReward,9,75% reinforced,F+F-,63
22.2986301369863,inconCON_FearZero,1,25% reinforced,F+F-,63
22.2986301369863,CONcon_HappyReward,8,75% reinforced,H+F-,63
22.2986301369863,CONincon_HappyReward,8,75% reinforced,H+H-,63
22.2986301369863,conINCON_HappyZero,1,25% reinforced,H+H-,63
22.2986301369863,inconINCON_HappyZero,3,25% reinforced,F+H-,63
9.476712328767125,conCON_FearZero,10,25% reinforced,H+F-,64
9.476712328767125,INCONincon_FearReward,15,75% reinforced,F+H-,64
9.476712328767125,INCONcon_FearReward,10,75% reinforced,F+F-,64
9.476712328767125,inconCON_FearZero,4,25% reinforced,F+F-,64
9.476712328767125,CONcon_HappyReward,15,75% reinforced,H+F-,64
9.476712328767125,conINCON_HappyZero,15,25% reinforced,H+H-,64
9.476712328767125,CONincon_HappyReward,10,75% reinforced,H+H-,64
9.476712328767125,inconINCON_HappyZero,15,25% reinforced,F+H-,64
12.843835616438357,conCON_FearZero,2,25% reinforced,H+F-,65
12.843835616438357,INCONincon_FearReward,6,75% reinforced,F+H-,65
12.843835616438357,INCONcon_FearReward,4,75% reinforced,F+F-,65
12.843835616438357,inconCON_FearZero,1,25% reinforced,F+F-,65
12.843835616438357,CONcon_HappyReward,8,75% reinforced,H+F-,65
12.843835616438357,CONincon_HappyReward,5,75% reinforced,H+H-,65
12.843835616438357,conINCON_HappyZero,4,25% reinforced,H+H-,65
12.843835616438357,inconINCON_HappyZero,4,25% reinforced,F+H-,65
12.263013698630138,conCON_FearZero,7,25% reinforced,H+F-,66
12.263013698630138,INCONincon_FearReward,2,75% reinforced,F+H-,66
12.263013698630138,INCONcon_FearReward,4,75% reinforced,F+F-,66
12.263013698630138,inconCON_FearZero,1,25% reinforced,F+F-,66
12.263013698630138,CONcon_HappyReward,11,75% reinforced,H+F-,66
12.263013698630138,conINCON_HappyZero,1,25% reinforced,H+H-,66
12.263013698630138,CONincon_HappyReward,7,75% reinforced,H+H-,66
12.263013698630138,inconINCON_HappyZero,1,25% reinforced,F+H-,66
15.846575342465751,conCON_FearZero,11,25% reinforced,H+F-,67
15.846575342465751,INCONincon_FearReward,0,75% reinforced,F+H-,67
15.846575342465751,INCONcon_FearReward,4,75% reinforced,F+F-,67
15.846575342465751,inconCON_FearZero,9,25% reinforced,F+F-,67
15.846575342465751,CONcon_HappyReward,4,75% reinforced,H+F-,67
15.846575342465751,conINCON_HappyZero,3,25% reinforced,H+H-,67
15.846575342465751,CONincon_HappyReward,4,75% reinforced,H+H-,67
15.846575342465751,inconINCON_HappyZero,1,25% reinforced,F+H-,67
15.027397260273972,conCON_FearZero,8,25% reinforced,H+F-,68
15.027397260273972,INCONincon_FearReward,6,75% reinforced,F+H-,68
15.027397260273972,INCONcon_FearReward,0,75% reinforced,F+F-,68
15.027397260273972,inconCON_FearZero,1,25% reinforced,F+F-,68
15.027397260273972,CONcon_HappyReward,2,75% reinforced,H+F-,68
15.027397260273972,conINCON_HappyZero,0,25% reinforced,H+H-,68
15.027397260273972,CONincon_HappyReward,3,75% reinforced,H+H-,68
15.027397260273972,inconINCON_HappyZero,0,25% reinforced,F+H-,68
21.005479452054793,conCON_FearZero,4,25% reinforced,H+F-,5
21.005479452054793,INCONincon_FearReward,2,75% reinforced,F+H-,5
21.005479452054793,INCONcon_FearReward,3,75% reinforced,F+F-,5
21.005479452054793,inconCON_FearZero,0,25% reinforced,F+F-,5
21.005479452054793,CONcon_HappyReward,0,75% reinforced,H+F-,5
21.005479452054793,conINCON_HappyZero,10,25% reinforced,H+H-,5
21.005479452054793,CONincon_HappyReward,3,75% reinforced,H+H-,5
21.005479452054793,inconINCON_HappyZero,6,25% reinforced,F+H-,5
9.213698630136989,conCON_FearZero,10,25% reinforced,H+F-,69
9.213698630136989,INCONincon_FearReward,9,75% reinforced,F+H-,69
9.213698630136989,INCONcon_FearReward,14,75% reinforced,F+F-,69
9.213698630136989,inconCON_FearZero,6,25% reinforced,F+F-,69
9.213698630136989,CONcon_HappyReward,19,75% reinforced,H+F-,69
9.213698630136989,conINCON_HappyZero,15,25% reinforced,H+H-,69
9.213698630136989,CONincon_HappyReward,15,75% reinforced,H+H-,69
9.213698630136989,inconINCON_HappyZero,15,25% reinforced,F+H-,69
14.994520547945204,conCON_FearZero,5,25% reinforced,H+F-,70
14.994520547945204,INCONincon_FearReward,36,75% reinforced,F+H-,70
14.994520547945204,INCONcon_FearReward,30,75% reinforced,F+F-,70
14.994520547945204,inconCON_FearZero,7,25% reinforced,F+F-,70
14.994520547945204,CONcon_HappyReward,25,75% reinforced,H+F-,70
14.994520547945204,CONincon_HappyReward,25,75% reinforced,H+H-,70
14.994520547945204,conINCON_HappyZero,7,25% reinforced,H+H-,70
14.994520547945204,inconINCON_HappyZero,7,25% reinforced,F+H-,70
22.76164383561644,conCON_FearZero,0,25% reinforced,H+F-,71
22.76164383561644,INCONincon_FearReward,33,75% reinforced,F+H-,71
22.76164383561644,INCONcon_FearReward,22,75% reinforced,F+F-,71
22.76164383561644,inconCON_FearZero,10,25% reinforced,F+F-,71
22.76164383561644,CONcon_HappyReward,41,75% reinforced,H+F-,71
22.76164383561644,conINCON_HappyZero,19,25% reinforced,H+H-,71
22.76164383561644,CONincon_HappyReward,14,75% reinforced,H+H-,71
22.76164383561644,inconINCON_HappyZero,2,25% reinforced,F+H-,71
22.45205479452055,conCON_FearZero,4,25% reinforced,H+F-,72
22.45205479452055,INCONincon_FearReward,9,75% reinforced,F+H-,72
22.45205479452055,INCONcon_FearReward,12,75% reinforced,F+F-,72
22.45205479452055,inconCON_FearZero,2,25% reinforced,F+F-,72
22.45205479452055,CONcon_HappyReward,13,75% reinforced,H+F-,72
22.45205479452055,conINCON_HappyZero,1,25% reinforced,H+H-,72
22.45205479452055,CONincon_HappyReward,14,75% reinforced,H+H-,72
22.45205479452055,inconINCON_HappyZero,1,25% reinforced,F+H-,72
12.26027397260274,conCON_FearZero,11,25% reinforced,H+F-,73
12.26027397260274,INCONincon_FearReward,16,75% reinforced,F+H-,73
12.26027397260274,INCONcon_FearReward,19,75% reinforced,F+F-,73
12.26027397260274,inconCON_FearZero,6,25% reinforced,F+F-,73
12.26027397260274,CONcon_HappyReward,13,75% reinforced,H+F-,73
12.26027397260274,CONincon_HappyReward,6,75% reinforced,H+H-,73
12.26027397260274,conINCON_HappyZero,18,25% reinforced,H+H-,73
12.26027397260274,inconINCON_HappyZero,10,25% reinforced,F+H-,73
19.183561643835617,conCON_FearZero,4,25% reinforced,H+F-,6
19.183561643835617,INCONincon_FearReward,11,75% reinforced,F+H-,6
19.183561643835617,INCONcon_FearReward,7,75% reinforced,F+F-,6
19.183561643835617,inconCON_FearZero,2,25% reinforced,F+F-,6
19.183561643835617,CONcon_HappyReward,11,75% reinforced,H+F-,6
19.183561643835617,conINCON_HappyZero,4,25% reinforced,H+H-,6
19.183561643835617,CONincon_HappyReward,11,75% reinforced,H+H-,6
19.183561643835617,inconINCON_HappyZero,3,25% reinforced,F+H-,6
10.41917808219178,conCON_FearZero,6,25% reinforced,H+F-,74
10.41917808219178,INCONincon_FearReward,15,75% reinforced,F+H-,74
10.41917808219178,INCONcon_FearReward,10,75% reinforced,F+F-,74
10.41917808219178,inconCON_FearZero,5,25% reinforced,F+F-,74
10.41917808219178,CONcon_HappyReward,26,75% reinforced,H+F-,74
10.41917808219178,CONincon_HappyReward,9,75% reinforced,H+H-,74
10.41917808219178,conINCON_HappyZero,11,25% reinforced,H+H-,74
10.41917808219178,inconINCON_HappyZero,2,25% reinforced,F+H-,74
11.58904109589041,conCON_FearZero,2,25% reinforced,H+F-,75
11.58904109589041,INCONincon_FearReward,5,75% reinforced,F+H-,75
11.58904109589041,INCONcon_FearReward,2,75% reinforced,F+F-,75
11.58904109589041,inconCON_FearZero,3,25% reinforced,F+F-,75
11.58904109589041,CONcon_HappyReward,7,75% reinforced,H+F-,75
11.58904109589041,conINCON_HappyZero,5,25% reinforced,H+H-,75
11.58904109589041,CONincon_HappyReward,5,75% reinforced,H+H-,75
11.58904109589041,inconINCON_HappyZero,2,25% reinforced,F+H-,75
22.589041095890412,conCON_FearZero,4,25% reinforced,H+F-,76
22.589041095890412,INCONincon_FearReward,35,75% reinforced,F+H-,76
22.589041095890412,INCONcon_FearReward,4,75% reinforced,F+F-,76
22.589041095890412,inconCON_FearZero,5,25% reinforced,F+F-,76
22.589041095890412,CONcon_HappyReward,15,75% reinforced,H+F-,76
22.589041095890412,CONincon_HappyReward,25,75% reinforced,H+H-,76
22.589041095890412,conINCON_HappyZero,4,25% reinforced,H+H-,76
22.589041095890412,inconINCON_HappyZero,2,25% reinforced,F+H-,76
22.802739726027397,conCON_FearZero,5,25% reinforced,H+F-,77
22.802739726027397,INCONincon_FearReward,16,75% reinforced,F+H-,77
22.802739726027397,INCONcon_FearReward,19,75% reinforced,F+F-,77
22.802739726027397,inconCON_FearZero,5,25% reinforced,F+F-,77
22.802739726027397,CONcon_HappyReward,14,75% reinforced,H+F-,77
22.802739726027397,CONincon_HappyReward,19,75% reinforced,H+H-,77
22.802739726027397,conINCON_HappyZero,3,25% reinforced,H+H-,77
22.802739726027397,inconINCON_HappyZero,3,25% reinforced,F+H-,77
15.73972602739726,conCON_FearZero,0,25% reinforced,H+F-,78
15.73972602739726,INCONincon_FearReward,9,75% reinforced,F+H-,78
15.73972602739726,INCONcon_FearReward,7,75% reinforced,F+F-,78
15.73972602739726,inconCON_FearZero,2,25% reinforced,F+F-,78
15.73972602739726,CONcon_HappyReward,12,75% reinforced,H+F-,78
15.73972602739726,CONincon_HappyReward,12,75% reinforced,H+H-,78
15.73972602739726,conINCON_HappyZero,1,25% reinforced,H+H-,78
15.73972602739726,inconINCON_HappyZero,1,25% reinforced,F+H-,78
13.87945205479452,conCON_FearZero,6,25% reinforced,H+F-,79
13.87945205479452,INCONincon_FearReward,5,75% reinforced,F+H-,79
13.87945205479452,INCONcon_FearReward,6,75% reinforced,F+F-,79
13.87945205479452,inconCON_FearZero,6,25% reinforced,F+F-,79
13.87945205479452,CONcon_HappyReward,4,75% reinforced,H+F-,79
13.87945205479452,conINCON_HappyZero,5,25% reinforced,H+H-,79
13.87945205479452,CONincon_HappyReward,5,75% reinforced,H+H-,79
13.87945205479452,inconINCON_HappyZero,4,25% reinforced,F+H-,79
22.027397260273972,conCON_FearZero,10,25% reinforced,H+F-,80
22.027397260273972,INCONincon_FearReward,7,75% reinforced,F+H-,80
22.027397260273972,INCONcon_FearReward,10,75% reinforced,F+F-,80
22.027397260273972,inconCON_FearZero,10,25% reinforced,F+F-,80
22.027397260273972,CONcon_HappyReward,10,75% reinforced,H+F-,80
22.027397260273972,CONincon_HappyReward,10,75% reinforced,H+H-,80
22.027397260273972,conINCON_HappyZero,10,25% reinforced,H+H-,80
22.027397260273972,inconINCON_HappyZero,10,25% reinforced,F+H-,80
22.775342465753425,conCON_FearZero,5,25% reinforced,H+F-,81
22.775342465753425,INCONincon_FearReward,26,75% reinforced,F+H-,81
22.775342465753425,INCONcon_FearReward,20,75% reinforced,F+F-,81
22.775342465753425,inconCON_FearZero,5,25% reinforced,F+F-,81
22.775342465753425,CONcon_HappyReward,21,75% reinforced,H+F-,81
22.775342465753425,CONincon_HappyReward,25,75% reinforced,H+H-,81
22.775342465753425,conINCON_HappyZero,NA,25% reinforced,H+H-,81
22.775342465753425,inconINCON_HappyZero,9,25% reinforced,F+H-,81
18.117808219178084,conCON_FearZero,9,25% reinforced,H+F-,7
18.117808219178084,INCONincon_FearReward,16,75% reinforced,F+H-,7
18.117808219178084,INCONcon_FearReward,5,75% reinforced,F+F-,7
18.117808219178084,inconCON_FearZero,19,25% reinforced,F+F-,7
18.117808219178084,CONcon_HappyReward,15,75% reinforced,H+F-,7
18.117808219178084,conINCON_HappyZero,13,25% reinforced,H+H-,7
18.117808219178084,CONincon_HappyReward,23,75% reinforced,H+H-,7
18.117808219178084,inconINCON_HappyZero,26,25% reinforced,F+H-,7
15.413698630136986,conCON_FearZero,10,25% reinforced,H+F-,82
15.413698630136986,INCONincon_FearReward,7,75% reinforced,F+H-,82
15.413698630136986,INCONcon_FearReward,16,75% reinforced,F+F-,82
15.413698630136986,inconCON_FearZero,16,25% reinforced,F+F-,82
15.413698630136986,CONcon_HappyReward,2,75% reinforced,H+F-,82
15.413698630136986,CONincon_HappyReward,18,75% reinforced,H+H-,82
15.413698630136986,conINCON_HappyZero,0,25% reinforced,H+H-,82
15.413698630136986,inconINCON_HappyZero,18,25% reinforced,F+H-,82
16.794520547945204,conCON_FearZero,2,25% reinforced,H+F-,83
16.794520547945204,INCONincon_FearReward,3,75% reinforced,F+H-,83
16.794520547945204,INCONcon_FearReward,9,75% reinforced,F+F-,83
16.794520547945204,inconCON_FearZero,0,25% reinforced,F+F-,83
16.794520547945204,CONcon_HappyReward,4,75% reinforced,H+F-,83
16.794520547945204,CONincon_HappyReward,14,75% reinforced,H+H-,83
16.794520547945204,conINCON_HappyZero,4,25% reinforced,H+H-,83
16.794520547945204,inconINCON_HappyZero,1,25% reinforced,F+H-,83
15.123287671232877,conCON_FearZero,9,25% reinforced,H+F-,84
15.123287671232877,INCONincon_FearReward,3,75% reinforced,F+H-,84
15.123287671232877,INCONcon_FearReward,15,75% reinforced,F+F-,84
15.123287671232877,inconCON_FearZero,15,25% reinforced,F+F-,84
15.123287671232877,CONcon_HappyReward,23,75% reinforced,H+F-,84
15.123287671232877,CONincon_HappyReward,20,75% reinforced,H+H-,84
15.123287671232877,conINCON_HappyZero,19,25% reinforced,H+H-,84
15.123287671232877,inconINCON_HappyZero,21,25% reinforced,F+H-,84
17.068493150684933,conCON_FearZero,17,25% reinforced,H+F-,85
17.068493150684933,INCONincon_FearReward,10,75% reinforced,F+H-,85
17.068493150684933,INCONcon_FearReward,7,75% reinforced,F+F-,85
17.068493150684933,inconCON_FearZero,13,25% reinforced,F+F-,85
17.068493150684933,CONcon_HappyReward,13,75% reinforced,H+F-,85
17.068493150684933,CONincon_HappyReward,13,75% reinforced,H+H-,85
17.068493150684933,conINCON_HappyZero,7,25% reinforced,H+H-,85
17.068493150684933,inconINCON_HappyZero,10,25% reinforced,F+H-,85
15.75890410958904,conCON_FearZero,4,25% reinforced,H+F-,86
15.75890410958904,INCONincon_FearReward,12,75% reinforced,F+H-,86
15.75890410958904,INCONcon_FearReward,6,75% reinforced,F+F-,86
15.75890410958904,inconCON_FearZero,1,25% reinforced,F+F-,86
15.75890410958904,CONcon_HappyReward,4,75% reinforced,H+F-,86
15.75890410958904,CONincon_HappyReward,20,75% reinforced,H+H-,86
15.75890410958904,conINCON_HappyZero,5,25% reinforced,H+H-,86
15.75890410958904,inconINCON_HappyZero,7,25% reinforced,F+H-,86
15.756164383561645,conCON_FearZero,3,25% reinforced,H+F-,87
15.756164383561645,INCONincon_FearReward,15,75% reinforced,F+H-,87
15.756164383561645,INCONcon_FearReward,7,75% reinforced,F+F-,87
15.756164383561645,inconCON_FearZero,NA,25% reinforced,F+F-,87
15.756164383561645,CONcon_HappyReward,10,75% reinforced,H+F-,87
15.756164383561645,CONincon_HappyReward,4,75% reinforced,H+H-,87
15.756164383561645,conINCON_HappyZero,NA,25% reinforced,H+H-,87
15.756164383561645,inconINCON_HappyZero,NA,25% reinforced,F+H-,87
16.695890410958903,conCON_FearZero,3,25% reinforced,H+F-,88
16.695890410958903,INCONincon_FearReward,10,75% reinforced,F+H-,88
16.695890410958903,INCONcon_FearReward,10,75% reinforced,F+F-,88
16.695890410958903,inconCON_FearZero,2,25% reinforced,F+F-,88
16.695890410958903,CONcon_HappyReward,10,75% reinforced,H+F-,88
16.695890410958903,conINCON_HappyZero,2,25% reinforced,H+H-,88
16.695890410958903,CONincon_HappyReward,12,75% reinforced,H+H-,88
16.695890410958903,inconINCON_HappyZero,1,25% reinforced,F+H-,88
19.03835616438356,conCON_FearZero,15,25% reinforced,H+F-,8
19.03835616438356,INCONincon_FearReward,20,75% reinforced,F+H-,8
19.03835616438356,INCONcon_FearReward,20,75% reinforced,F+F-,8
19.03835616438356,inconCON_FearZero,10,25% reinforced,F+F-,8
19.03835616438356,CONcon_HappyReward,10,75% reinforced,H+F-,8
19.03835616438356,conINCON_HappyZero,20,25% reinforced,H+H-,8
19.03835616438356,CONincon_HappyReward,20,75% reinforced,H+H-,8
19.03835616438356,inconINCON_HappyZero,26,25% reinforced,F+H-,8
16.654794520547945,conCON_FearZero,3,25% reinforced,H+F-,89
16.654794520547945,INCONincon_FearReward,15,75% reinforced,F+H-,89
16.654794520547945,INCONcon_FearReward,11,75% reinforced,F+F-,89
16.654794520547945,inconCON_FearZero,1,25% reinforced,F+F-,89
16.654794520547945,CONcon_HappyReward,6,75% reinforced,H+F-,89
16.654794520547945,conINCON_HappyZero,13,25% reinforced,H+H-,89
16.654794520547945,CONincon_HappyReward,15,75% reinforced,H+H-,89
16.654794520547945,inconINCON_HappyZero,10,25% reinforced,F+H-,89
11.575342465753424,conCON_FearZero,5,25% reinforced,H+F-,90
11.575342465753424,INCONincon_FearReward,3,75% reinforced,F+H-,90
11.575342465753424,INCONcon_FearReward,4,75% reinforced,F+F-,90
11.575342465753424,inconCON_FearZero,1,25% reinforced,F+F-,90
11.575342465753424,CONcon_HappyReward,6,75% reinforced,H+F-,90
11.575342465753424,conINCON_HappyZero,4,25% reinforced,H+H-,90
11.575342465753424,CONincon_HappyReward,3,75% reinforced,H+H-,90
11.575342465753424,inconINCON_HappyZero,1,25% reinforced,F+H-,90
13.164383561643836,conCON_FearZero,20,25% reinforced,H+F-,91
13.164383561643836,INCONincon_FearReward,25,75% reinforced,F+H-,91
13.164383561643836,INCONcon_FearReward,16,75% reinforced,F+F-,91
13.164383561643836,inconCON_FearZero,25,25% reinforced,F+F-,91
13.164383561643836,CONcon_HappyReward,35,75% reinforced,H+F-,91
13.164383561643836,CONincon_HappyReward,45,75% reinforced,H+H-,91
13.164383561643836,conINCON_HappyZero,16,25% reinforced,H+H-,91
13.164383561643836,inconINCON_HappyZero,25,25% reinforced,F+H-,91
17.068493150684933,conCON_FearZero,5,25% reinforced,H+F-,92
17.068493150684933,INCONincon_FearReward,15,75% reinforced,F+H-,92
17.068493150684933,INCONcon_FearReward,25,75% reinforced,F+F-,92
17.068493150684933,inconCON_FearZero,4,25% reinforced,F+F-,92
17.068493150684933,CONcon_HappyReward,10,75% reinforced,H+F-,92
17.068493150684933,CONincon_HappyReward,10,75% reinforced,H+H-,92
17.068493150684933,conINCON_HappyZero,0,25% reinforced,H+H-,92
17.068493150684933,inconINCON_HappyZero,4,25% reinforced,F+H-,92
16.578082191780823,conCON_FearZero,5,25% reinforced,H+F-,93
16.578082191780823,INCONincon_FearReward,17,75% reinforced,F+H-,93
16.578082191780823,INCONcon_FearReward,18,75% reinforced,F+F-,93
16.578082191780823,inconCON_FearZero,10,25% reinforced,F+F-,93
16.578082191780823,CONcon_HappyReward,21,75% reinforced,H+F-,93
16.578082191780823,CONincon_HappyReward,29,75% reinforced,H+H-,93
16.578082191780823,conINCON_HappyZero,2,25% reinforced,H+H-,93
16.578082191780823,inconINCON_HappyZero,2,25% reinforced,F+H-,93
14.076712328767124,conCON_FearZero,0,25% reinforced,H+F-,94
14.076712328767124,INCONincon_FearReward,13,75% reinforced,F+H-,94
14.076712328767124,INCONcon_FearReward,9,75% reinforced,F+F-,94
14.076712328767124,inconCON_FearZero,NA,25% reinforced,F+F-,94
14.076712328767124,CONcon_HappyReward,9,75% reinforced,H+F-,94
14.076712328767124,CONincon_HappyReward,15,75% reinforced,H+H-,94
14.076712328767124,conINCON_HappyZero,NA,25% reinforced,H+H-,94
14.076712328767124,inconINCON_HappyZero,NA,25% reinforced,F+H-,94
18.471232876712328,conCON_FearZero,20,25% reinforced,H+F-,9
18.471232876712328,INCONincon_FearReward,31,75% reinforced,F+H-,9
18.471232876712328,INCONcon_FearReward,4,75% reinforced,F+F-,9
18.471232876712328,inconCON_FearZero,5,25% reinforced,F+F-,9
18.471232876712328,CONcon_HappyReward,2,75% reinforced,H+F-,9
18.471232876712328,conINCON_HappyZero,4,25% reinforced,H+H-,9
18.471232876712328,CONincon_HappyReward,5,75% reinforced,H+H-,9
18.471232876712328,inconINCON_HappyZero,6,25% reinforced,F+H-,9
8.07945205479452,conCON_FearZero,20,25% reinforced,H+F-,95
8.07945205479452,INCONincon_FearReward,15,75% reinforced,F+H-,95
8.07945205479452,INCONcon_FearReward,30,75% reinforced,F+F-,95
8.07945205479452,inconCON_FearZero,25,25% reinforced,F+F-,95
8.07945205479452,CONcon_HappyReward,20,75% reinforced,H+F-,95
8.07945205479452,CONincon_HappyReward,35,75% reinforced,H+H-,95
8.07945205479452,conINCON_HappyZero,0,25% reinforced,H+H-,95
8.07945205479452,inconINCON_HappyZero,15,25% reinforced,F+H-,95
20.48493150684931,conCON_FearZero,3,25% reinforced,H+F-,96
20.48493150684931,INCONincon_FearReward,3,75% reinforced,F+H-,96
20.48493150684931,INCONcon_FearReward,15,75% reinforced,F+F-,96
20.48493150684931,inconCON_FearZero,8,25% reinforced,F+F-,96
20.48493150684931,CONcon_HappyReward,22,75% reinforced,H+F-,96
20.48493150684931,CONincon_HappyReward,24,75% reinforced,H+H-,96
20.48493150684931,conINCON_HappyZero,4,25% reinforced,H+H-,96
20.48493150684931,inconINCON_HappyZero,0,25% reinforced,F+H-,96
11.484931506849316,conCON_FearZero,13,25% reinforced,H+F-,97
11.484931506849316,INCONincon_FearReward,13,75% reinforced,F+H-,97
11.484931506849316,INCONcon_FearReward,13,75% reinforced,F+F-,97
11.484931506849316,inconCON_FearZero,3,25% reinforced,F+F-,97
11.484931506849316,CONcon_HappyReward,28,75% reinforced,H+F-,97
11.484931506849316,CONincon_HappyReward,28,75% reinforced,H+H-,97
11.484931506849316,conINCON_HappyZero,4,25% reinforced,H+H-,97
11.484931506849316,inconINCON_HappyZero,4,25% reinforced,F+H-,97
10.73972602739726,conCON_FearZero,14,25% reinforced,H+F-,98
10.73972602739726,INCONincon_FearReward,15,75% reinforced,F+H-,98
10.73972602739726,INCONcon_FearReward,20,75% reinforced,F+F-,98
10.73972602739726,inconCON_FearZero,25,25% reinforced,F+F-,98
10.73972602739726,CONcon_HappyReward,25,75% reinforced,H+F-,98
10.73972602739726,conINCON_HappyZero,4,25% reinforced,H+H-,98
10.73972602739726,CONincon_HappyReward,11,75% reinforced,H+H-,98
10.73972602739726,inconINCON_HappyZero,4,25% reinforced,F+H-,98
20.687671232876713,conCON_FearZero,20,25% reinforced,H+F-,99
20.687671232876713,INCONincon_FearReward,36,75% reinforced,F+H-,99
20.687671232876713,INCONcon_FearReward,15,75% reinforced,F+F-,99
20.687671232876713,inconCON_FearZero,22,25% reinforced,F+F-,99
20.687671232876713,CONcon_HappyReward,5,75% reinforced,H+F-,99
20.687671232876713,CONincon_HappyReward,30,75% reinforced,H+H-,99
20.687671232876713,conINCON_HappyZero,22,25% reinforced,H+H-,99
20.687671232876713,inconINCON_HappyZero,3,25% reinforced,F+H-,99
20.361643835616437,conCON_FearZero,10,25% reinforced,H+F-,10
20.361643835616437,INCONincon_FearReward,6,75% reinforced,F+H-,10
20.361643835616437,INCONcon_FearReward,12,75% reinforced,F+F-,10
20.361643835616437,inconCON_FearZero,0,25% reinforced,F+F-,10
20.361643835616437,CONcon_HappyReward,4,75% reinforced,H+F-,10
20.361643835616437,conINCON_HappyZero,1,25% reinforced,H+H-,10
20.361643835616437,CONincon_HappyReward,2,75% reinforced,H+H-,10
20.361643835616437,inconINCON_HappyZero,1,25% reinforced,F+H-,10
20.312328767123287,conCON_FearZero,2,25% reinforced,H+F-,100
20.312328767123287,INCONincon_FearReward,14,75% reinforced,F+H-,100
20.312328767123287,INCONcon_FearReward,7,75% reinforced,F+F-,100
20.312328767123287,inconCON_FearZero,4,25% reinforced,F+F-,100
20.312328767123287,CONcon_HappyReward,18,75% reinforced,H+F-,100
20.312328767123287,CONincon_HappyReward,23,75% reinforced,H+H-,100
20.312328767123287,conINCON_HappyZero,1,25% reinforced,H+H-,100
20.312328767123287,inconINCON_HappyZero,13,25% reinforced,F+H-,100
10.38082191780822,conCON_FearZero,12,25% reinforced,H+F-,101
10.38082191780822,INCONincon_FearReward,6,75% reinforced,F+H-,101
10.38082191780822,INCONcon_FearReward,15,75% reinforced,F+F-,101
10.38082191780822,inconCON_FearZero,2,25% reinforced,F+F-,101
10.38082191780822,CONcon_HappyReward,15,75% reinforced,H+F-,101
10.38082191780822,conINCON_HappyZero,20,25% reinforced,H+H-,101
10.38082191780822,CONincon_HappyReward,14,75% reinforced,H+H-,101
10.38082191780822,inconINCON_HappyZero,18,25% reinforced,F+H-,101
17.22739726027397,conCON_FearZero,18,25% reinforced,H+F-,102
17.22739726027397,INCONincon_FearReward,16,75% reinforced,F+H-,102
17.22739726027397,INCONcon_FearReward,18,75% reinforced,F+F-,102
17.22739726027397,inconCON_FearZero,14,25% reinforced,F+F-,102
17.22739726027397,CONcon_HappyReward,12,75% reinforced,H+F-,102
17.22739726027397,conINCON_HappyZero,20,25% reinforced,H+H-,102
17.22739726027397,CONincon_HappyReward,9,75% reinforced,H+H-,102
17.22739726027397,inconINCON_HappyZero,8,25% reinforced,F+H-,102
10.145205479452056,conCON_FearZero,4,25% reinforced,H+F-,103
10.145205479452056,INCONincon_FearReward,20,75% reinforced,F+H-,103
10.145205479452056,INCONcon_FearReward,45,75% reinforced,F+F-,103
10.145205479452056,inconCON_FearZero,1,25% reinforced,F+F-,103
10.145205479452056,CONcon_HappyReward,25,75% reinforced,H+F-,103
10.145205479452056,CONincon_HappyReward,20,75% reinforced,H+H-,103
10.145205479452056,conINCON_HappyZero,4,25% reinforced,H+H-,103
10.145205479452056,inconINCON_HappyZero,4,25% reinforced,F+H-,103
20.676712328767124,conCON_FearZero,4,25% reinforced,H+F-,11
20.676712328767124,INCONincon_FearReward,10,75% reinforced,F+H-,11
20.676712328767124,INCONcon_FearReward,4,75% reinforced,F+F-,11
20.676712328767124,inconCON_FearZero,20,25% reinforced,F+F-,11
20.676712328767124,CONcon_HappyReward,NA,75% reinforced,H+F-,11
20.676712328767124,conINCON_HappyZero,10,25% reinforced,H+H-,11
20.676712328767124,CONincon_HappyReward,20,75% reinforced,H+H-,11
20.676712328767124,inconINCON_HappyZero,10,25% reinforced,F+H-,11
10.084931506849315,conCON_FearZero,4,25% reinforced,H+F-,104
10.084931506849315,INCONincon_FearReward,7,75% reinforced,F+H-,104
10.084931506849315,INCONcon_FearReward,4,75% reinforced,F+F-,104
10.084931506849315,inconCON_FearZero,1,25% reinforced,F+F-,104
10.084931506849315,CONcon_HappyReward,17,75% reinforced,H+F-,104
10.084931506849315,conINCON_HappyZero,13,25% reinforced,H+H-,104
10.084931506849315,CONincon_HappyReward,11,75% reinforced,H+H-,104
10.084931506849315,inconINCON_HappyZero,10,25% reinforced,F+H-,104
17.23835616438356,conCON_FearZero,1,25% reinforced,H+F-,105
17.23835616438356,INCONincon_FearReward,31,75% reinforced,F+H-,105
17.23835616438356,INCONcon_FearReward,27,75% reinforced,F+F-,105
17.23835616438356,inconCON_FearZero,5,25% reinforced,F+F-,105
17.23835616438356,CONcon_HappyReward,36,75% reinforced,H+F-,105
17.23835616438356,CONincon_HappyReward,45,75% reinforced,H+H-,105
17.23835616438356,conINCON_HappyZero,NA,25% reinforced,H+H-,105
17.23835616438356,inconINCON_HappyZero,NA,25% reinforced,F+H-,105
12.115068493150686,conCON_FearZero,40,25% reinforced,H+F-,106
12.115068493150686,INCONincon_FearReward,30,75% reinforced,F+H-,106
12.115068493150686,INCONcon_FearReward,25,75% reinforced,F+F-,106
12.115068493150686,inconCON_FearZero,10,25% reinforced,F+F-,106
12.115068493150686,CONcon_HappyReward,15,75% reinforced,H+F-,106
12.115068493150686,conINCON_HappyZero,20,25% reinforced,H+H-,106
12.115068493150686,CONincon_HappyReward,35,75% reinforced,H+H-,106
12.115068493150686,inconINCON_HappyZero,10,25% reinforced,F+H-,106
18.361643835616437,conCON_FearZero,9,25% reinforced,H+F-,107
18.361643835616437,INCONincon_FearReward,35,75% reinforced,F+H-,107
18.361643835616437,INCONcon_FearReward,34,75% reinforced,F+F-,107
18.361643835616437,inconCON_FearZero,15,25% reinforced,F+F-,107
18.361643835616437,CONcon_HappyReward,42,75% reinforced,H+F-,107
18.361643835616437,CONincon_HappyReward,37,75% reinforced,H+H-,107
18.361643835616437,conINCON_HappyZero,18,25% reinforced,H+H-,107
18.361643835616437,inconINCON_HappyZero,15,25% reinforced,F+H-,107
11.90958904109589,conCON_FearZero,5,25% reinforced,H+F-,108
11.90958904109589,INCONincon_FearReward,14,75% reinforced,F+H-,108
11.90958904109589,INCONcon_FearReward,12,75% reinforced,F+F-,108
11.90958904109589,inconCON_FearZero,4,25% reinforced,F+F-,108
11.90958904109589,CONcon_HappyReward,12,75% reinforced,H+F-,108
11.90958904109589,CONincon_HappyReward,15,75% reinforced,H+H-,108
11.90958904109589,conINCON_HappyZero,4,25% reinforced,H+H-,108
11.90958904109589,inconINCON_HappyZero,4,25% reinforced,F+H-,108
8.202739726027398,conCON_FearZero,15,25% reinforced,H+F-,109
8.202739726027398,INCONincon_FearReward,29,75% reinforced,F+H-,109
8.202739726027398,INCONcon_FearReward,41,75% reinforced,F+F-,109
8.202739726027398,inconCON_FearZero,17,25% reinforced,F+F-,109
8.202739726027398,CONcon_HappyReward,38,75% reinforced,H+F-,109
8.202739726027398,CONincon_HappyReward,14,75% reinforced,H+H-,109
8.202739726027398,conINCON_HappyZero,28,25% reinforced,H+H-,109
8.202739726027398,inconINCON_HappyZero,36,25% reinforced,F+H-,109
12.101369863013698,conCON_FearZero,6,25% reinforced,H+F-,110
12.101369863013698,INCONincon_FearReward,8,75% reinforced,F+H-,110
12.101369863013698,INCONcon_FearReward,2,75% reinforced,F+F-,110
12.101369863013698,inconCON_FearZero,7,25% reinforced,F+F-,110
12.101369863013698,CONcon_HappyReward,1,75% reinforced,H+F-,110
12.101369863013698,conINCON_HappyZero,0,25% reinforced,H+H-,110
12.101369863013698,CONincon_HappyReward,4,75% reinforced,H+H-,110
12.101369863013698,inconINCON_HappyZero,12,25% reinforced,F+H-,110
10.2,conCON_FearZero,9,25% reinforced,H+F-,111
10.2,INCONincon_FearReward,15,75% reinforced,F+H-,111
10.2,INCONcon_FearReward,20,75% reinforced,F+F-,111
10.2,inconCON_FearZero,24,25% reinforced,F+F-,111
10.2,CONcon_HappyReward,30,75% reinforced,H+F-,111
10.2,CONincon_HappyReward,25,75% reinforced,H+H-,111
10.2,conINCON_HappyZero,24,25% reinforced,H+H-,111
10.2,inconINCON_HappyZero,13,25% reinforced,F+H-,111
10.9013698630137,conCON_FearZero,14,25% reinforced,H+F-,112
10.9013698630137,INCONincon_FearReward,10,75% reinforced,F+H-,112
10.9013698630137,INCONcon_FearReward,20,75% reinforced,F+F-,112
10.9013698630137,inconCON_FearZero,10,25% reinforced,F+F-,112
10.9013698630137,CONcon_HappyReward,15,75% reinforced,H+F-,112
10.9013698630137,CONincon_HappyReward,17,75% reinforced,H+H-,112
10.9013698630137,conINCON_HappyZero,11,25% reinforced,H+H-,112
10.9013698630137,inconINCON_HappyZero,14,25% reinforced,F+H-,112
17.345205479452055,conCON_FearZero,10,25% reinforced,H+F-,113
17.345205479452055,INCONincon_FearReward,36,75% reinforced,F+H-,113
17.345205479452055,INCONcon_FearReward,20,75% reinforced,F+F-,113
17.345205479452055,inconCON_FearZero,0,25% reinforced,F+F-,113
17.345205479452055,CONcon_HappyReward,44,75% reinforced,H+F-,113
17.345205479452055,CONincon_HappyReward,26,75% reinforced,H+H-,113
17.345205479452055,conINCON_HappyZero,5,25% reinforced,H+H-,113
17.345205479452055,inconINCON_HappyZero,11,25% reinforced,F+H-,113
18.106849315068494,conCON_FearZero,3,25% reinforced,H+F-,114
18.106849315068494,INCONincon_FearReward,35,75% reinforced,F+H-,114
18.106849315068494,INCONcon_FearReward,16,75% reinforced,F+F-,114
18.106849315068494,inconCON_FearZero,6,25% reinforced,F+F-,114
18.106849315068494,CONcon_HappyReward,36,75% reinforced,H+F-,114
18.106849315068494,CONincon_HappyReward,41,75% reinforced,H+H-,114
18.106849315068494,conINCON_HappyZero,7,25% reinforced,H+H-,114
18.106849315068494,inconINCON_HappyZero,30,25% reinforced,F+H-,114
11.07945205479452,conCON_FearZero,8,25% reinforced,H+F-,115
11.07945205479452,INCONincon_FearReward,8,75% reinforced,F+H-,115
11.07945205479452,INCONcon_FearReward,10,75% reinforced,F+F-,115
11.07945205479452,inconCON_FearZero,7,25% reinforced,F+F-,115
11.07945205479452,CONcon_HappyReward,2,75% reinforced,H+F-,115
11.07945205479452,CONincon_HappyReward,7,75% reinforced,H+H-,115
11.07945205479452,conINCON_HappyZero,2,25% reinforced,H+H-,115
11.07945205479452,inconINCON_HappyZero,8,25% reinforced,F+H-,115
11.186301369863012,conCON_FearZero,5,25% reinforced,H+F-,116
11.186301369863012,INCONincon_FearReward,5,75% reinforced,F+H-,116
11.186301369863012,INCONcon_FearReward,10,75% reinforced,F+F-,116
11.186301369863012,inconCON_FearZero,10,25% reinforced,F+F-,116
11.186301369863012,CONcon_HappyReward,4,75% reinforced,H+F-,116
11.186301369863012,CONincon_HappyReward,45,75% reinforced,H+H-,116
11.186301369863012,conINCON_HappyZero,0,25% reinforced,H+H-,116
11.186301369863012,inconINCON_HappyZero,4,25% reinforced,F+H-,116
17.934246575342467,conCON_FearZero,9,25% reinforced,H+F-,117
17.934246575342467,INCONincon_FearReward,19,75% reinforced,F+H-,117
17.934246575342467,INCONcon_FearReward,12,75% reinforced,F+F-,117
17.934246575342467,inconCON_FearZero,19,25% reinforced,F+F-,117
17.934246575342467,CONcon_HappyReward,9,75% reinforced,H+F-,117
17.934246575342467,conINCON_HappyZero,21,25% reinforced,H+H-,117
17.934246575342467,CONincon_HappyReward,13,75% reinforced,H+H-,117
17.934246575342467,inconINCON_HappyZero,7,25% reinforced,F+H-,117
19.167123287671235,conCON_FearZero,0,25% reinforced,H+F-,118
19.167123287671235,INCONincon_FearReward,15,75% reinforced,F+H-,118
19.167123287671235,INCONcon_FearReward,25,75% reinforced,F+F-,118
19.167123287671235,inconCON_FearZero,0,25% reinforced,F+F-,118
19.167123287671235,CONcon_HappyReward,36,75% reinforced,H+F-,118
19.167123287671235,CONincon_HappyReward,31,75% reinforced,H+H-,118
19.167123287671235,conINCON_HappyZero,1,25% reinforced,H+H-,118
19.167123287671235,inconINCON_HappyZero,7,25% reinforced,F+H-,118
19.46849315068493,conCON_FearZero,0,25% reinforced,H+F-,119
19.46849315068493,INCONincon_FearReward,14,75% reinforced,F+H-,119
19.46849315068493,INCONcon_FearReward,14,75% reinforced,F+F-,119
19.46849315068493,inconCON_FearZero,0,25% reinforced,F+F-,119
19.46849315068493,CONcon_HappyReward,14,75% reinforced,H+F-,119
19.46849315068493,CONincon_HappyReward,15,75% reinforced,H+H-,119
19.46849315068493,conINCON_HappyZero,NA,25% reinforced,H+H-,119
19.46849315068493,inconINCON_HappyZero,NA,25% reinforced,F+H-,119
8.038356164383561,conCON_FearZero,20,25% reinforced,H+F-,120
8.038356164383561,INCONincon_FearReward,15,75% reinforced,F+H-,120
8.038356164383561,INCONcon_FearReward,12,75% reinforced,F+F-,120
8.038356164383561,inconCON_FearZero,12,25% reinforced,F+F-,120
8.038356164383561,CONcon_HappyReward,15,75% reinforced,H+F-,120
8.038356164383561,CONincon_HappyReward,30,75% reinforced,H+H-,120
8.038356164383561,conINCON_HappyZero,19,25% reinforced,H+H-,120
8.038356164383561,inconINCON_HappyZero,40,25% reinforced,F+H-,120
18.39178082191781,conCON_FearZero,12,25% reinforced,H+F-,121
18.39178082191781,INCONincon_FearReward,11,75% reinforced,F+H-,121
18.39178082191781,INCONcon_FearReward,24,75% reinforced,F+F-,121
18.39178082191781,inconCON_FearZero,27,25% reinforced,F+F-,121
18.39178082191781,CONcon_HappyReward,38,75% reinforced,H+F-,121
18.39178082191781,CONincon_HappyReward,28,75% reinforced,H+H-,121
18.39178082191781,conINCON_HappyZero,24,25% reinforced,H+H-,121
18.39178082191781,inconINCON_HappyZero,34,25% reinforced,F+H-,121
14.942465753424658,conCON_FearZero,8,25% reinforced,H+F-,12
14.942465753424658,INCONincon_FearReward,8,75% reinforced,F+H-,12
14.942465753424658,INCONcon_FearReward,21,75% reinforced,F+F-,12
14.942465753424658,inconCON_FearZero,4,25% reinforced,F+F-,12
14.942465753424658,CONcon_HappyReward,4,75% reinforced,H+F-,12
14.942465753424658,CONincon_HappyReward,24,75% reinforced,H+H-,12
14.942465753424658,conINCON_HappyZero,12,25% reinforced,H+H-,12
14.942465753424658,inconINCON_HappyZero,6,25% reinforced,F+H-,12
20.65205479452055,conCON_FearZero,2,25% reinforced,H+F-,13
20.65205479452055,INCONincon_FearReward,6,75% reinforced,F+H-,13
20.65205479452055,INCONcon_FearReward,1,75% reinforced,F+F-,13
20.65205479452055,inconCON_FearZero,2,25% reinforced,F+F-,13
20.65205479452055,CONcon_HappyReward,NA,75% reinforced,H+F-,13
20.65205479452055,conINCON_HappyZero,NA,25% reinforced,H+H-,13
20.65205479452055,CONincon_HappyReward,14,75% reinforced,H+H-,13
20.65205479452055,inconINCON_HappyZero,NA,25% reinforced,F+H-,13
13.69041095890411,conCON_FearZero,4,25% reinforced,H+F-,16
13.69041095890411,INCONincon_FearReward,3,75% reinforced,F+H-,16
13.69041095890411,INCONcon_FearReward,2,75% reinforced,F+F-,16
13.69041095890411,inconCON_FearZero,15,25% reinforced,F+F-,16
13.69041095890411,CONcon_HappyReward,25,75% reinforced,H+F-,16
13.69041095890411,CONincon_HappyReward,41,75% reinforced,H+H-,16
13.69041095890411,conINCON_HappyZero,34,25% reinforced,H+H-,16
13.69041095890411,inconINCON_HappyZero,31,25% reinforced,F+H-,16
19.813698630136987,conCON_FearZero,3,25% reinforced,H+F-,14
19.813698630136987,INCONincon_FearReward,9,75% reinforced,F+H-,14
19.813698630136987,INCONcon_FearReward,5,75% reinforced,F+F-,14
19.813698630136987,inconCON_FearZero,1,25% reinforced,F+F-,14
19.813698630136987,CONcon_HappyReward,4,75% reinforced,H+F-,14
19.813698630136987,conINCON_HappyZero,2,25% reinforced,H+H-,14
19.813698630136987,CONincon_HappyReward,5,75% reinforced,H+H-,14
19.813698630136987,inconINCON_HappyZero,3,25% reinforced,F+H-,14
13.336986301369864,conCON_FearZero,10,25% reinforced,H+F-,15
13.336986301369864,INCONincon_FearReward,4,75% reinforced,F+H-,15
13.336986301369864,INCONcon_FearReward,10,75% reinforced,F+F-,15
13.336986301369864,inconCON_FearZero,4,25% reinforced,F+F-,15
13.336986301369864,CONcon_HappyReward,10,75% reinforced,H+F-,15
13.336986301369864,conINCON_HappyZero,5,25% reinforced,H+H-,15
13.336986301369864,CONincon_HappyReward,10,75% reinforced,H+H-,15
13.336986301369864,inconINCON_HappyZero,4,25% reinforced,F+H-,15
18.676712328767124,conCON_FearZero,1,25% reinforced,H+F-,17
18.676712328767124,INCONincon_FearReward,4,75% reinforced,F+H-,17
18.676712328767124,INCONcon_FearReward,8,75% reinforced,F+F-,17
18.676712328767124,inconCON_FearZero,1,25% reinforced,F+F-,17
18.676712328767124,CONcon_HappyReward,9,75% reinforced,H+F-,17
18.676712328767124,conINCON_HappyZero,2,25% reinforced,H+H-,17
18.676712328767124,CONincon_HappyReward,10,75% reinforced,H+H-,17
18.676712328767124,inconINCON_HappyZero,1,25% reinforced,F+H-,17
18.273972602739725,conCON_FearZero,21,25% reinforced,H+F-,18
18.273972602739725,INCONincon_FearReward,8,75% reinforced,F+H-,18
18.273972602739725,INCONcon_FearReward,13,75% reinforced,F+F-,18
18.273972602739725,inconCON_FearZero,4,25% reinforced,F+F-,18
18.273972602739725,CONcon_HappyReward,15,75% reinforced,H+F-,18
18.273972602739725,conINCON_HappyZero,10,25% reinforced,H+H-,18
18.273972602739725,CONincon_HappyReward,30,75% reinforced,H+H-,18
18.273972602739725,inconINCON_HappyZero,7,25% reinforced,F+H-,18
19.027397260273972,conCON_FearZero,12,25% reinforced,H+F-,19
19.027397260273972,INCONincon_FearReward,13,75% reinforced,F+H-,19
19.027397260273972,INCONcon_FearReward,7,75% reinforced,F+F-,19
19.027397260273972,inconCON_FearZero,5,25% reinforced,F+F-,19
19.027397260273972,CONcon_HappyReward,27,75% reinforced,H+F-,19
19.027397260273972,conINCON_HappyZero,11,25% reinforced,H+H-,19
19.027397260273972,CONincon_HappyReward,38,75% reinforced,H+H-,19
19.027397260273972,inconINCON_HappyZero,7,25% reinforced,F+H-,19
20.904109589041095,conCON_FearZero,4,25% reinforced,H+F-,1
20.904109589041095,INCONincon_FearReward,10,75% reinforced,F+H-,1
20.904109589041095,INCONcon_FearReward,15,75% reinforced,F+F-,1
20.904109589041095,inconCON_FearZero,5,25% reinforced,F+F-,1
20.904109589041095,CONcon_HappyReward,8,75% reinforced,H+F-,1
20.904109589041095,conINCON_HappyZero,9,25% reinforced,H+H-,1
20.904109589041095,CONincon_HappyReward,15,75% reinforced,H+H-,1
20.904109589041095,inconINCON_HappyZero,7,25% reinforced,F+H-,1
14.178082191780822,conCON_FearZero,14,25% reinforced,H+F-,20
14.178082191780822,INCONincon_FearReward,39,75% reinforced,F+H-,20
14.178082191780822,INCONcon_FearReward,23,75% reinforced,F+F-,20
14.178082191780822,inconCON_FearZero,11,25% reinforced,F+F-,20
14.178082191780822,CONcon_HappyReward,45,75% reinforced,H+F-,20
14.178082191780822,CONincon_HappyReward,29,75% reinforced,H+H-,20
14.178082191780822,conINCON_HappyZero,45,25% reinforced,H+H-,20
14.178082191780822,inconINCON_HappyZero,7,25% reinforced,F+H-,20
20.23835616438356,conCON_FearZero,5,25% reinforced,H+F-,2
20.23835616438356,INCONincon_FearReward,29,75% reinforced,F+H-,2
20.23835616438356,INCONcon_FearReward,9,75% reinforced,F+F-,2
20.23835616438356,inconCON_FearZero,0,25% reinforced,F+F-,2
20.23835616438356,CONcon_HappyReward,11,75% reinforced,H+F-,2
20.23835616438356,conINCON_HappyZero,16,25% reinforced,H+H-,2
20.23835616438356,CONincon_HappyReward,18,75% reinforced,H+H-,2
20.23835616438356,inconINCON_HappyZero,15,25% reinforced,F+H-,2
19.731506849315068,conCON_FearZero,NA,25% reinforced,H+F-,21
19.731506849315068,INCONincon_FearReward,9,75% reinforced,F+H-,21
19.731506849315068,INCONcon_FearReward,25,75% reinforced,F+F-,21
19.731506849315068,inconCON_FearZero,NA,25% reinforced,F+F-,21
19.731506849315068,CONcon_HappyReward,24,75% reinforced,H+F-,21
19.731506849315068,conINCON_HappyZero,5,25% reinforced,H+H-,21
19.731506849315068,CONincon_HappyReward,23,75% reinforced,H+H-,21
19.731506849315068,inconINCON_HappyZero,11,25% reinforced,F+H-,21
19.75068493150685,conCON_FearZero,0,25% reinforced,H+F-,22
19.75068493150685,INCONincon_FearReward,4,75% reinforced,F+H-,22
19.75068493150685,INCONcon_FearReward,8,75% reinforced,F+F-,22
19.75068493150685,inconCON_FearZero,1,25% reinforced,F+F-,22
19.75068493150685,CONcon_HappyReward,6,75% reinforced,H+F-,22
19.75068493150685,conINCON_HappyZero,0,25% reinforced,H+H-,22
19.75068493150685,CONincon_HappyReward,1,75% reinforced,H+H-,22
19.75068493150685,inconINCON_HappyZero,1,25% reinforced,F+H-,22
19.91780821917808,conCON_FearZero,45,25% reinforced,H+F-,23
19.91780821917808,INCONincon_FearReward,45,75% reinforced,F+H-,23
19.91780821917808,INCONcon_FearReward,41,75% reinforced,F+F-,23
19.91780821917808,inconCON_FearZero,0,25% reinforced,F+F-,23
19.91780821917808,CONcon_HappyReward,20,75% reinforced,H+F-,23
19.91780821917808,conINCON_HappyZero,15,25% reinforced,H+H-,23
19.91780821917808,CONincon_HappyReward,36,75% reinforced,H+H-,23
19.91780821917808,inconINCON_HappyZero,0,25% reinforced,F+H-,23
14.3013698630137,conCON_FearZero,9,25% reinforced,H+F-,24
14.3013698630137,INCONincon_FearReward,9,75% reinforced,F+H-,24
14.3013698630137,INCONcon_FearReward,25,75% reinforced,F+F-,24
14.3013698630137,inconCON_FearZero,15,25% reinforced,F+F-,24
14.3013698630137,CONcon_HappyReward,35,75% reinforced,H+F-,24
14.3013698630137,conINCON_HappyZero,5,25% reinforced,H+H-,24
14.3013698630137,CONincon_HappyReward,30,75% reinforced,H+H-,24
14.3013698630137,inconINCON_HappyZero,9,25% reinforced,F+H-,24
13.082191780821915,conCON_FearZero,5,25% reinforced,H+F-,25
13.082191780821915,INCONincon_FearReward,7,75% reinforced,F+H-,25
13.082191780821915,INCONcon_FearReward,7,75% reinforced,F+F-,25
13.082191780821915,inconCON_FearZero,9,25% reinforced,F+F-,25
13.082191780821915,CONcon_HappyReward,15,75% reinforced,H+F-,25
13.082191780821915,conINCON_HappyZero,12,25% reinforced,H+H-,25
13.082191780821915,CONincon_HappyReward,7,75% reinforced,H+H-,25
13.082191780821915,inconINCON_HappyZero,10,25% reinforced,F+H-,25
14.013698630136986,conCON_FearZero,15,25% reinforced,H+F-,26
14.013698630136986,INCONincon_FearReward,10,75% reinforced,F+H-,26
14.013698630136986,INCONcon_FearReward,15,75% reinforced,F+F-,26
14.013698630136986,inconCON_FearZero,1,25% reinforced,F+F-,26
14.013698630136986,CONcon_HappyReward,15,75% reinforced,H+F-,26
14.013698630136986,CONincon_HappyReward,10,75% reinforced,H+H-,26
14.013698630136986,conINCON_HappyZero,4,25% reinforced,H+H-,26
14.013698630136986,inconINCON_HappyZero,3,25% reinforced,F+H-,26
20.427397260273978,conCON_FearZero,2,25% reinforced,H+F-,3
20.427397260273978,INCONincon_FearReward,9,75% reinforced,F+H-,3
20.427397260273978,INCONcon_FearReward,11,75% reinforced,F+F-,3
20.427397260273978,inconCON_FearZero,0,25% reinforced,F+F-,3
20.427397260273978,CONcon_HappyReward,20,75% reinforced,H+F-,3
20.427397260273978,conINCON_HappyZero,6,25% reinforced,H+H-,3
20.427397260273978,CONincon_HappyReward,9,75% reinforced,H+H-,3
20.427397260273978,inconINCON_HappyZero,8,25% reinforced,F+H-,3
14.106849315068493,conCON_FearZero,5,25% reinforced,H+F-,28
14.106849315068493,INCONincon_FearReward,25,75% reinforced,F+H-,28
14.106849315068493,INCONcon_FearReward,10,75% reinforced,F+F-,28
14.106849315068493,inconCON_FearZero,10,25% reinforced,F+F-,28
14.106849315068493,CONcon_HappyReward,20,75% reinforced,H+F-,28
14.106849315068493,conINCON_HappyZero,2,25% reinforced,H+H-,28
14.106849315068493,CONincon_HappyReward,22,75% reinforced,H+H-,28
14.106849315068493,inconINCON_HappyZero,13,25% reinforced,F+H-,28
15.205479452054794,conCON_FearZero,4,25% reinforced,H+F-,29
15.205479452054794,INCONincon_FearReward,7,75% reinforced,F+H-,29
15.205479452054794,INCONcon_FearReward,9,75% reinforced,F+F-,29
15.205479452054794,inconCON_FearZero,15,25% reinforced,F+F-,29
15.205479452054794,CONcon_HappyReward,10,75% reinforced,H+F-,29
15.205479452054794,conINCON_HappyZero,5,25% reinforced,H+H-,29
15.205479452054794,CONincon_HappyReward,7,75% reinforced,H+H-,29
15.205479452054794,inconINCON_HappyZero,10,25% reinforced,F+H-,29
12.652054794520549,conCON_FearZero,25,25% reinforced,H+F-,30
12.652054794520549,INCONincon_FearReward,21,75% reinforced,F+H-,30
12.652054794520549,INCONcon_FearReward,17,75% reinforced,F+F-,30
12.652054794520549,inconCON_FearZero,35,25% reinforced,F+F-,30
12.652054794520549,CONcon_HappyReward,28,75% reinforced,H+F-,30
12.652054794520549,conINCON_HappyZero,22,25% reinforced,H+H-,30
12.652054794520549,CONincon_HappyReward,33,75% reinforced,H+H-,30
12.652054794520549,inconINCON_HappyZero,27,25% reinforced,F+H-,30
14.41917808219178,conCON_FearZero,0,25% reinforced,H+F-,31
14.41917808219178,INCONincon_FearReward,3,75% reinforced,F+H-,31
14.41917808219178,INCONcon_FearReward,1,75% reinforced,F+F-,31
14.41917808219178,inconCON_FearZero,8,25% reinforced,F+F-,31
14.41917808219178,CONcon_HappyReward,2,75% reinforced,H+F-,31
14.41917808219178,conINCON_HappyZero,1,25% reinforced,H+H-,31
14.41917808219178,CONincon_HappyReward,NA,75% reinforced,H+H-,31
14.41917808219178,inconINCON_HappyZero,3,25% reinforced,F+H-,31
13.868493150684932,conCON_FearZero,15,25% reinforced,H+F-,32
13.868493150684932,INCONincon_FearReward,20,75% reinforced,F+H-,32
13.868493150684932,INCONcon_FearReward,10,75% reinforced,F+F-,32
13.868493150684932,inconCON_FearZero,6,25% reinforced,F+F-,32
13.868493150684932,CONcon_HappyReward,6,75% reinforced,H+F-,32
13.868493150684932,CONincon_HappyReward,23,75% reinforced,H+H-,32
13.868493150684932,conINCON_HappyZero,22,25% reinforced,H+H-,32
13.868493150684932,inconINCON_HappyZero,15,25% reinforced,F+H-,32
11.178082191780822,conCON_FearZero,7,25% reinforced,H+F-,33
11.178082191780822,INCONincon_FearReward,8,75% reinforced,F+H-,33
11.178082191780822,INCONcon_FearReward,13,75% reinforced,F+F-,33
11.178082191780822,inconCON_FearZero,7,25% reinforced,F+F-,33
11.178082191780822,CONcon_HappyReward,17,75% reinforced,H+F-,33
11.178082191780822,conINCON_HappyZero,19,25% reinforced,H+H-,33
11.178082191780822,CONincon_HappyReward,18,75% reinforced,H+H-,33
11.178082191780822,inconINCON_HappyZero,20,25% reinforced,F+H-,33
12.465753424657532,conCON_FearZero,4,25% reinforced,H+F-,34
12.465753424657532,INCONincon_FearReward,9,75% reinforced,F+H-,34
12.465753424657532,INCONcon_FearReward,5,75% reinforced,F+F-,34
12.465753424657532,inconCON_FearZero,9,25% reinforced,F+F-,34
12.465753424657532,CONcon_HappyReward,3,75% reinforced,H+F-,34
12.465753424657532,CONincon_HappyReward,1,75% reinforced,H+H-,34
12.465753424657532,conINCON_HappyZero,0,25% reinforced,H+H-,34
12.465753424657532,inconINCON_HappyZero,9,25% reinforced,F+H-,34
8.704109589041096,conCON_FearZero,7,25% reinforced,H+F-,35
8.704109589041096,INCONincon_FearReward,7,75% reinforced,F+H-,35
8.704109589041096,INCONcon_FearReward,12,75% reinforced,F+F-,35
8.704109589041096,inconCON_FearZero,2,25% reinforced,F+F-,35
8.704109589041096,CONcon_HappyReward,12,75% reinforced,H+F-,35
8.704109589041096,conINCON_HappyZero,4,25% reinforced,H+H-,35
8.704109589041096,CONincon_HappyReward,8,75% reinforced,H+H-,35
8.704109589041096,inconINCON_HappyZero,5,25% reinforced,F+H-,35
8.073972602739726,conCON_FearZero,16,25% reinforced,H+F-,36
8.073972602739726,INCONincon_FearReward,3,75% reinforced,F+H-,36
8.073972602739726,INCONcon_FearReward,16,75% reinforced,F+F-,36
8.073972602739726,inconCON_FearZero,20,25% reinforced,F+F-,36
8.073972602739726,CONcon_HappyReward,4,75% reinforced,H+F-,36
8.073972602739726,conINCON_HappyZero,15,25% reinforced,H+H-,36
8.073972602739726,CONincon_HappyReward,10,75% reinforced,H+H-,36
8.073972602739726,inconINCON_HappyZero,10,25% reinforced,F+H-,36
8.942465753424658,conCON_FearZero,6,25% reinforced,H+F-,37
8.942465753424658,INCONincon_FearReward,3,75% reinforced,F+H-,37
8.942465753424658,INCONcon_FearReward,7,75% reinforced,F+F-,37
8.942465753424658,inconCON_FearZero,8,25% reinforced,F+F-,37
8.942465753424658,CONcon_HappyReward,2,75% reinforced,H+F-,37
8.942465753424658,conINCON_HappyZero,1,25% reinforced,H+H-,37
8.942465753424658,CONincon_HappyReward,2,75% reinforced,H+H-,37
8.942465753424658,inconINCON_HappyZero,1,25% reinforced,F+H-,37
9.035616438356165,conCON_FearZero,5,25% reinforced,H+F-,38
9.035616438356165,INCONincon_FearReward,7,75% reinforced,F+H-,38
9.035616438356165,INCONcon_FearReward,10,75% reinforced,F+F-,38
9.035616438356165,inconCON_FearZero,5,25% reinforced,F+F-,38
9.035616438356165,CONcon_HappyReward,7,75% reinforced,H+F-,38
9.035616438356165,CONincon_HappyReward,5,75% reinforced,H+H-,38
9.035616438356165,conINCON_HappyZero,8,25% reinforced,H+H-,38
9.035616438356165,inconINCON_HappyZero,8,25% reinforced,F+H-,38
9.465753424657532,conCON_FearZero,9,25% reinforced,H+F-,39
9.465753424657532,INCONincon_FearReward,4,75% reinforced,F+H-,39
9.465753424657532,INCONcon_FearReward,14,75% reinforced,F+F-,39
9.465753424657532,inconCON_FearZero,2,25% reinforced,F+F-,39
9.465753424657532,CONcon_HappyReward,6,75% reinforced,H+F-,39
9.465753424657532,CONincon_HappyReward,18,75% reinforced,H+H-,39
9.465753424657532,conINCON_HappyZero,7,25% reinforced,H+H-,39
9.465753424657532,inconINCON_HappyZero,23,25% reinforced,F+H-,39
9.657534246575343,conCON_FearZero,1,25% reinforced,H+F-,40
9.657534246575343,INCONincon_FearReward,30,75% reinforced,F+H-,40
9.657534246575343,INCONcon_FearReward,45,75% reinforced,F+F-,40
9.657534246575343,inconCON_FearZero,0,25% reinforced,F+F-,40
9.657534246575343,CONcon_HappyReward,9,75% reinforced,H+F-,40
9.657534246575343,CONincon_HappyReward,36,75% reinforced,H+H-,40
9.657534246575343,conINCON_HappyZero,2,25% reinforced,H+H-,40
9.657534246575343,inconINCON_HappyZero,1,25% reinforced,F+H-,40
8.67123287671233,conCON_FearZero,10,25% reinforced,H+F-,41
8.67123287671233,INCONincon_FearReward,16,75% reinforced,F+H-,41
8.67123287671233,INCONcon_FearReward,20,75% reinforced,F+F-,41
8.67123287671233,inconCON_FearZero,17,25% reinforced,F+F-,41
8.67123287671233,CONcon_HappyReward,30,75% reinforced,H+F-,41
8.67123287671233,CONincon_HappyReward,24,75% reinforced,H+H-,41
8.67123287671233,conINCON_HappyZero,22,25% reinforced,H+H-,41
8.67123287671233,inconINCON_HappyZero,30,25% reinforced,F+H-,41
10.095890410958903,conCON_FearZero,10,25% reinforced,H+F-,42
10.095890410958903,INCONincon_FearReward,2,75% reinforced,F+H-,42
10.095890410958903,INCONcon_FearReward,12,75% reinforced,F+F-,42
10.095890410958903,inconCON_FearZero,3,25% reinforced,F+F-,42
10.095890410958903,CONcon_HappyReward,18,75% reinforced,H+F-,42
10.095890410958903,conINCON_HappyZero,25,25% reinforced,H+H-,42
10.095890410958903,CONincon_HappyReward,19,75% reinforced,H+H-,42
10.095890410958903,inconINCON_HappyZero,8,25% reinforced,F+H-,42
9.915068493150685,conCON_FearZero,2,25% reinforced,H+F-,43
9.915068493150685,INCONincon_FearReward,20,75% reinforced,F+H-,43
9.915068493150685,INCONcon_FearReward,8,75% reinforced,F+F-,43
9.915068493150685,inconCON_FearZero,1,25% reinforced,F+F-,43
9.915068493150685,CONcon_HappyReward,1,75% reinforced,H+F-,43
9.915068493150685,conINCON_HappyZero,1,25% reinforced,H+H-,43
9.915068493150685,CONincon_HappyReward,2,75% reinforced,H+H-,43
9.915068493150685,inconINCON_HappyZero,2,25% reinforced,F+H-,43
16.2986301369863,conCON_FearZero,1,25% reinforced,H+F-,44
16.2986301369863,INCONincon_FearReward,8,75% reinforced,F+H-,44
16.2986301369863,INCONcon_FearReward,3,75% reinforced,F+F-,44
16.2986301369863,inconCON_FearZero,0,25% reinforced,F+F-,44
16.2986301369863,CONcon_HappyReward,12,75% reinforced,H+F-,44
16.2986301369863,conINCON_HappyZero,5,25% reinforced,H+H-,44
16.2986301369863,CONincon_HappyReward,12,75% reinforced,H+H-,44
16.2986301369863,inconINCON_HappyZero,1,25% reinforced,F+H-,44
14.158904109589042,conCON_FearZero,1,25% reinforced,H+F-,45
14.158904109589042,INCONincon_FearReward,2,75% reinforced,F+H-,45
14.158904109589042,INCONcon_FearReward,9,75% reinforced,F+F-,45
14.158904109589042,inconCON_FearZero,5,25% reinforced,F+F-,45
14.158904109589042,CONcon_HappyReward,1,75% reinforced,H+F-,45
14.158904109589042,conINCON_HappyZero,NA,25% reinforced,H+H-,45
14.158904109589042,CONincon_HappyReward,NA,75% reinforced,H+H-,45
14.158904109589042,inconINCON_HappyZero,5,25% reinforced,F+H-,45
